[{"model": "sessions.session", "pk": "ulm6gjlffioq292ee6tl7dfn608jyegf", "fields": {"session_data": "MDU0MzE2NTc3NjE2OTgyY2MzZmU1MTU1MGJmNDg4ZjI3ZjU3MjA3Njp7Il9hdXRoX3VzZXJfaWQiOiIxIiwiX2F1dGhfdXNlcl9iYWNrZW5kIjoiZGphbmdvLmNvbnRyaWIuYXV0aC5iYWNrZW5kcy5Nb2RlbEJhY2tlbmQiLCJfYXV0aF91c2VyX2hhc2giOiIxNTAwZTczMGZmZjdjMWY4MWY1ZjU2OWJhODYyOTUzMDY0YTYyMzlkIn0=", "expire_date": "2022-01-17T10:33:25.371Z"}}, {"model": "users.customuser", "pk": 1, "fields": {"first_name": "Amal", "last_name": "Raj", "email": "amal.raj@joshtechnologygroup.com", "is_staff": true, "is_superuser": true, "date_joined": null, "password": "pbkdf2_sha256$150000$580mrjTyHUUe$GgRoKD2isIY71jdHQReC9zkNlELjpW6D+WX+NkjBW7Y=", "last_login": "2022-01-03T10:33:25.369Z", "groups": [], "user_permissions": []}}, {"model": "users.customuser", "pk": 2, "fields": {"first_name": "Gurpreet", "last_name": "Singh", "email": "gurpreet.singh@joshtechnologygroup.com", "is_staff": false, "is_superuser": false, "date_joined": null, "password": "pbkdf2_sha256$150000$Bb0tfgYZVCUo$qUZUnksY5EbLtKBt2dci4ap1GT/jYZ8+duh0+zWQJKs=", "last_login": null, "groups": [], "user_permissions": []}}, {"model": "users.customuser", "pk": 3, "fields": {"first_name": "Naveen", "last_name": "Kumar", "email": "naveenk@joshtechnologygroup.com", "is_staff": false, "is_superuser": false, "date_joined": null, "password": "pbkdf2_sha256$150000$9J9LA8EKCK0L$rWbhEqvBBGTBR2IdQ0MG22cjwVoeD3jJIW0z2A7eDdU=", "last_login": null, "groups": [], "user_permissions": []}}, {"model": "users.customuser", "pk": 4, "fields": {"first_name": "Nikhil", "last_name": "Khurana", "email": "nikhil.khurana@joshtechnologygroup.com", "is_staff": false, "is_superuser": false, "date_joined": null, "password": "pbkdf2_sha256$150000$k2hNbLISu7cu$ZMin3wP3fHJ7T0QtiSdHe1FYtce18lnPT6wxgkObchI=", "last_login": null, "groups": [], "user_permissions": []}}, {"model": "users.customuser", "pk": 6, "fields": {"first_name": "Sunny", "last_name": "Singhal", "email": "sunny.singhal@joshtechnologygroup.com", "is_staff": false, "is_superuser": false, "date_joined": null, "password": "pbkdf2_sha256$150000$85NzK2yStspz$sc23bGOO31A6kuInEBrJiNDtxWRKDsZ0n4N6YI23I40=", "last_login": null, "groups": [], "user_permissions": []}}, {"model": "users.customuser", "pk": 7, "fields": {"first_name": "Chirag", "last_name": "Gupta", "email": "chirag.gupta@joshtechnologygroup.com", "is_staff": false, "is_superuser": false, "date_joined": null, "password": "pbkdf2_sha256$150000$oqD3OoqizYHv$TyTcph6+bDWxkgvbA/ZKEd9XvYUDqy/AewXSK3M0qUQ=", "last_login": null, "groups": [], "user_permissions": []}}, {"model": "todos.todo", "pk": 1, "fields": {"user": 1, "name": "TODO - 1", "done": false, "date_created": "2021-12-25T05:30:26.025Z", "date_completed": null}}, {"model": "todos.todo", "pk": 2, "fields": {"user": 1, "name": "TODO - 2", "done": false, "date_created": "2021-12-31T05:30:25.936Z", "date_completed": null}}, {"model": "todos.todo", "pk": 3, "fields": {"user": 1, "name": "TODO - 3", "done": false, "date_created": "2021-12-27T05:30:25.938Z", "date_completed": null}}, {"model": "todos.todo", "pk": 4, "fields": {"user": 1, "name": "TODO - 4", "done": false, "date_created": "2021-12-30T05:30:25.939Z", "date_completed": null}}, {"model": "todos.todo", "pk": 5, "fields": {"user": 1, "name": "TODO - 5", "done": false, "date_created": "2021-12-25T05:30:25.940Z", "date_completed": null}}, {"model": "todos.todo", "pk": 6, "fields": {"user": 1, "name": "TODO - 6", "done": false, "date_created": "2021-12-25T05:30:25.941Z", "date_completed": null}}, {"model": "todos.todo", "pk": 7, "fields": {"user": 1, "name": "TODO - 7", "done": false, "date_created": "2021-12-25T05:30:25.941Z", "date_completed": null}}, {"model": "todos.todo", "pk": 8, "fields": {"user": 1, "name": "TODO - 8", "done": false, "date_created": "2021-12-25T05:30:25.942Z", "date_completed": null}}, {"model": "todos.todo", "pk": 9, "fields": {"user": 1, "name": "TODO - 9", "done": false, "date_created": "2021-12-31T05:30:25.943Z", "date_completed": null}}, {"model": "todos.todo", "pk": 10, "fields": {"user": 1, "name": "TODO - 10", "done": true, "date_created": "2022-01-01T05:30:25.944Z", "date_completed": null}}, {"model": "todos.todo", "pk": 11, "fields": {"user": 1, "name": "TODO - 11", "done": false, "date_created": "2021-12-31T05:30:25.945Z", "date_completed": null}}, {"model": "todos.todo", "pk": 12, "fields": {"user": 1, "name": "TODO - 12", "done": false, "date_created": "2021-12-27T05:30:25.946Z", "date_completed": null}}, {"model": "todos.todo", "pk": 13, "fields": {"user": 1, "name": "TODO - 13", "done": false, "date_created": "2021-12-30T05:30:25.947Z", "date_completed": null}}, {"model": "todos.todo", "pk": 14, "fields": {"user": 1, "name": "TODO - 14", "done": false, "date_created": "2021-12-28T05:30:25.948Z", "date_completed": null}}, {"model": "todos.todo", "pk": 15, "fields": {"user": 1, "name": "TODO - 15", "done": true, "date_created": "2021-12-29T05:30:25.949Z", "date_completed": null}}, {"model": "todos.todo", "pk": 16, "fields": {"user": 1, "name": "TODO - 16", "done": false, "date_created": "2022-01-02T05:30:25.950Z", "date_completed": null}}, {"model": "todos.todo", "pk": 17, "fields": {"user": 1, "name": "TODO - 17", "done": false, "date_created": "2021-12-27T05:30:25.951Z", "date_completed": null}}, {"model": "todos.todo", "pk": 18, "fields": {"user": 1, "name": "TODO - 18", "done": true, "date_created": "2021-12-26T05:30:25.951Z", "date_completed": null}}, {"model": "todos.todo", "pk": 19, "fields": {"user": 1, "name": "TODO - 19", "done": false, "date_created": "2021-12-25T05:30:25.952Z", "date_completed": null}}, {"model": "todos.todo", "pk": 20, "fields": {"user": 2, "name": "TODO - 20", "done": false, "date_created": "2022-01-03T05:30:25.953Z", "date_completed": null}}, {"model": "todos.todo", "pk": 21, "fields": {"user": 2, "name": "TODO - 21", "done": false, "date_created": "2021-12-25T05:30:25.954Z", "date_completed": null}}, {"model": "todos.todo", "pk": 22, "fields": {"user": 2, "name": "TODO - 22", "done": false, "date_created": "2022-01-02T05:30:25.954Z", "date_completed": null}}, {"model": "todos.todo", "pk": 23, "fields": {"user": 2, "name": "TODO - 23", "done": false, "date_created": "2022-01-03T05:30:25.955Z", "date_completed": null}}, {"model": "todos.todo", "pk": 24, "fields": {"user": 2, "name": "TODO - 24", "done": true, "date_created": "2022-01-01T05:30:25.956Z", "date_completed": null}}, {"model": "todos.todo", "pk": 25, "fields": {"user": 2, "name": "TODO - 25", "done": true, "date_created": "2021-12-26T05:30:25.957Z", "date_completed": null}}, {"model": "todos.todo", "pk": 26, "fields": {"user": 2, "name": "TODO - 26", "done": false, "date_created": "2022-01-03T05:30:25.957Z", "date_completed": null}}, {"model": "todos.todo", "pk": 27, "fields": {"user": 2, "name": "TODO - 27", "done": true, "date_created": "2022-01-01T05:30:25.958Z", "date_completed": null}}, {"model": "todos.todo", "pk": 28, "fields": {"user": 2, "name": "TODO - 28", "done": true, "date_created": "2021-12-29T05:30:25.959Z", "date_completed": null}}, {"model": "todos.todo", "pk": 29, "fields": {"user": 2, "name": "TODO - 29", "done": true, "date_created": "2021-12-29T05:30:25.960Z", "date_completed": null}}, {"model": "todos.todo", "pk": 30, "fields": {"user": 2, "name": "TODO - 30", "done": false, "date_created": "2021-12-28T05:30:25.961Z", "date_completed": null}}, {"model": "todos.todo", "pk": 31, "fields": {"user": 2, "name": "TODO - 31", "done": false, "date_created": "2021-12-30T05:30:25.962Z", "date_completed": null}}, {"model": "todos.todo", "pk": 32, "fields": {"user": 2, "name": "TODO - 32", "done": true, "date_created": "2022-01-01T05:30:25.963Z", "date_completed": null}}, {"model": "todos.todo", "pk": 33, "fields": {"user": 2, "name": "TODO - 33", "done": false, "date_created": "2021-12-27T05:30:25.964Z", "date_completed": null}}, {"model": "todos.todo", "pk": 34, "fields": {"user": 2, "name": "TODO - 34", "done": false, "date_created": "2021-12-31T05:30:25.964Z", "date_completed": null}}, {"model": "todos.todo", "pk": 35, "fields": {"user": 2, "name": "TODO - 35", "done": true, "date_created": "2021-12-26T05:30:25.965Z", "date_completed": null}}, {"model": "todos.todo", "pk": 36, "fields": {"user": 2, "name": "TODO - 36", "done": false, "date_created": "2021-12-31T05:30:25.966Z", "date_completed": null}}, {"model": "todos.todo", "pk": 37, "fields": {"user": 2, "name": "TODO - 37", "done": false, "date_created": "2021-12-31T05:30:25.967Z", "date_completed": null}}, {"model": "todos.todo", "pk": 38, "fields": {"user": 2, "name": "TODO - 38", "done": false, "date_created": "2021-12-25T05:30:25.967Z", "date_completed": null}}, {"model": "todos.todo", "pk": 39, "fields": {"user": 2, "name": "TODO - 39", "done": false, "date_created": "2021-12-31T05:30:25.968Z", "date_completed": null}}, {"model": "todos.todo", "pk": 40, "fields": {"user": 2, "name": "TODO - 40", "done": false, "date_created": "2022-01-03T05:30:25.969Z", "date_completed": null}}, {"model": "todos.todo", "pk": 41, "fields": {"user": 2, "name": "TODO - 41", "done": true, "date_created": "2022-01-01T05:30:25.970Z", "date_completed": null}}, {"model": "todos.todo", "pk": 42, "fields": {"user": 2, "name": "TODO - 42", "done": true, "date_created": "2021-12-29T05:30:25.971Z", "date_completed": null}}, {"model": "todos.todo", "pk": 43, "fields": {"user": 2, "name": "TODO - 43", "done": false, "date_created": "2021-12-25T05:30:25.972Z", "date_completed": null}}, {"model": "todos.todo", "pk": 44, "fields": {"user": 3, "name": "TODO - 44", "done": false, "date_created": "2021-12-30T05:30:25.973Z", "date_completed": null}}, {"model": "todos.todo", "pk": 45, "fields": {"user": 3, "name": "TODO - 45", "done": false, "date_created": "2021-12-31T05:30:25.973Z", "date_completed": null}}, {"model": "todos.todo", "pk": 46, "fields": {"user": 3, "name": "TODO - 46", "done": false, "date_created": "2022-01-02T05:30:25.974Z", "date_completed": null}}, {"model": "todos.todo", "pk": 47, "fields": {"user": 3, "name": "TODO - 47", "done": false, "date_created": "2021-12-28T05:30:25.975Z", "date_completed": null}}, {"model": "todos.todo", "pk": 48, "fields": {"user": 3, "name": "TODO - 48", "done": false, "date_created": "2021-12-28T05:30:25.976Z", "date_completed": null}}, {"model": "todos.todo", "pk": 49, "fields": {"user": 3, "name": "TODO - 49", "done": false, "date_created": "2021-12-25T05:30:25.976Z", "date_completed": null}}, {"model": "todos.todo", "pk": 50, "fields": {"user": 3, "name": "TODO - 50", "done": false, "date_created": "2021-12-30T05:30:25.977Z", "date_completed": null}}, {"model": "todos.todo", "pk": 51, "fields": {"user": 3, "name": "TODO - 51", "done": true, "date_created": "2021-12-29T05:30:25.978Z", "date_completed": null}}, {"model": "todos.todo", "pk": 52, "fields": {"user": 3, "name": "TODO - 52", "done": false, "date_created": "2021-12-28T05:30:25.979Z", "date_completed": null}}, {"model": "todos.todo", "pk": 53, "fields": {"user": 3, "name": "TODO - 53", "done": true, "date_created": "2022-01-01T05:30:25.980Z", "date_completed": null}}, {"model": "todos.todo", "pk": 54, "fields": {"user": 3, "name": "TODO - 54", "done": false, "date_created": "2021-12-25T05:30:25.981Z", "date_completed": null}}, {"model": "todos.todo", "pk": 55, "fields": {"user": 3, "name": "TODO - 55", "done": false, "date_created": "2021-12-28T05:30:25.982Z", "date_completed": null}}, {"model": "todos.todo", "pk": 56, "fields": {"user": 3, "name": "TODO - 56", "done": true, "date_created": "2021-12-29T05:30:25.982Z", "date_completed": null}}, {"model": "todos.todo", "pk": 57, "fields": {"user": 3, "name": "TODO - 57", "done": false, "date_created": "2021-12-28T05:30:25.983Z", "date_completed": null}}, {"model": "todos.todo", "pk": 58, "fields": {"user": 3, "name": "TODO - 58", "done": false, "date_created": "2021-12-27T05:30:25.984Z", "date_completed": null}}, {"model": "todos.todo", "pk": 59, "fields": {"user": 3, "name": "TODO - 59", "done": false, "date_created": "2021-12-27T05:30:25.985Z", "date_completed": null}}, {"model": "todos.todo", "pk": 60, "fields": {"user": 3, "name": "TODO - 60", "done": true, "date_created": "2022-01-01T05:30:25.985Z", "date_completed": null}}, {"model": "todos.todo", "pk": 61, "fields": {"user": 3, "name": "TODO - 61", "done": true, "date_created": "2021-12-29T05:30:25.986Z", "date_completed": null}}, {"model": "todos.todo", "pk": 62, "fields": {"user": 4, "name": "TODO - 62", "done": true, "date_created": "2021-12-29T05:30:25.987Z", "date_completed": null}}, {"model": "todos.todo", "pk": 63, "fields": {"user": 4, "name": "TODO - 63", "done": true, "date_created": "2021-12-29T05:30:25.988Z", "date_completed": null}}, {"model": "todos.todo", "pk": 64, "fields": {"user": 4, "name": "TODO - 64", "done": false, "date_created": "2021-12-27T05:30:25.989Z", "date_completed": null}}, {"model": "todos.todo", "pk": 65, "fields": {"user": 4, "name": "TODO - 65", "done": false, "date_created": "2021-12-28T05:30:25.990Z", "date_completed": null}}, {"model": "todos.todo", "pk": 66, "fields": {"user": 4, "name": "TODO - 66", "done": false, "date_created": "2021-12-31T05:30:25.990Z", "date_completed": null}}, {"model": "todos.todo", "pk": 67, "fields": {"user": 4, "name": "TODO - 67", "done": false, "date_created": "2021-12-28T05:30:25.991Z", "date_completed": null}}, {"model": "todos.todo", "pk": 68, "fields": {"user": 4, "name": "TODO - 68", "done": false, "date_created": "2021-12-27T05:30:25.992Z", "date_completed": null}}, {"model": "todos.todo", "pk": 69, "fields": {"user": 4, "name": "TODO - 69", "done": false, "date_created": "2021-12-30T05:30:25.993Z", "date_completed": null}}, {"model": "todos.todo", "pk": 70, "fields": {"user": 4, "name": "TODO - 70", "done": true, "date_created": "2022-01-01T05:30:25.993Z", "date_completed": null}}, {"model": "todos.todo", "pk": 71, "fields": {"user": 4, "name": "TODO - 71", "done": false, "date_created": "2021-12-31T05:30:25.994Z", "date_completed": null}}, {"model": "todos.todo", "pk": 72, "fields": {"user": 6, "name": "TODO - 72", "done": false, "date_created": "2021-12-25T05:30:25.995Z", "date_completed": null}}, {"model": "todos.todo", "pk": 73, "fields": {"user": 6, "name": "TODO - 73", "done": false, "date_created": "2021-12-30T05:30:25.996Z", "date_completed": null}}, {"model": "todos.todo", "pk": 74, "fields": {"user": 6, "name": "TODO - 74", "done": true, "date_created": "2021-12-29T05:30:25.996Z", "date_completed": null}}, {"model": "todos.todo", "pk": 75, "fields": {"user": 6, "name": "TODO - 75", "done": true, "date_created": "2021-12-29T05:30:25.997Z", "date_completed": null}}, {"model": "todos.todo", "pk": 76, "fields": {"user": 6, "name": "TODO - 76", "done": true, "date_created": "2021-12-29T05:30:25.998Z", "date_completed": null}}, {"model": "todos.todo", "pk": 77, "fields": {"user": 6, "name": "TODO - 77", "done": true, "date_created": "2022-01-01T05:30:25.998Z", "date_completed": null}}, {"model": "todos.todo", "pk": 78, "fields": {"user": 6, "name": "TODO - 78", "done": true, "date_created": "2021-12-26T05:30:25.999Z", "date_completed": null}}, {"model": "todos.todo", "pk": 79, "fields": {"user": 6, "name": "TODO - 79", "done": false, "date_created": "2021-12-28T05:30:26.000Z", "date_completed": null}}, {"model": "todos.todo", "pk": 80, "fields": {"user": 6, "name": "TODO - 80", "done": false, "date_created": "2021-12-27T05:30:26.000Z", "date_completed": null}}, {"model": "todos.todo", "pk": 81, "fields": {"user": 6, "name": "TODO - 81", "done": false, "date_created": "2021-12-30T05:30:26.001Z", "date_completed": null}}, {"model": "todos.todo", "pk": 82, "fields": {"user": 6, "name": "TODO - 82", "done": true, "date_created": "2021-12-29T05:30:26.002Z", "date_completed": null}}, {"model": "todos.todo", "pk": 83, "fields": {"user": 6, "name": "TODO - 83", "done": false, "date_created": "2021-12-25T05:30:26.002Z", "date_completed": null}}, {"model": "todos.todo", "pk": 84, "fields": {"user": 6, "name": "TODO - 84", "done": false, "date_created": "2021-12-31T05:30:26.003Z", "date_completed": null}}, {"model": "todos.todo", "pk": 85, "fields": {"user": 6, "name": "TODO - 85", "done": false, "date_created": "2021-12-25T05:30:26.004Z", "date_completed": null}}, {"model": "todos.todo", "pk": 86, "fields": {"user": 6, "name": "TODO - 86", "done": false, "date_created": "2021-12-31T05:30:26.004Z", "date_completed": null}}, {"model": "todos.todo", "pk": 87, "fields": {"user": 6, "name": "TODO - 87", "done": true, "date_created": "2021-12-26T05:30:26.005Z", "date_completed": null}}, {"model": "todos.todo", "pk": 88, "fields": {"user": 6, "name": "TODO - 88", "done": false, "date_created": "2022-01-02T05:30:26.005Z", "date_completed": null}}, {"model": "todos.todo", "pk": 89, "fields": {"user": 6, "name": "TODO - 89", "done": false, "date_created": "2021-12-30T05:30:26.006Z", "date_completed": null}}, {"model": "todos.todo", "pk": 90, "fields": {"user": 6, "name": "TODO - 90", "done": false, "date_created": "2021-12-25T05:30:26.007Z", "date_completed": null}}, {"model": "todos.todo", "pk": 91, "fields": {"user": 6, "name": "TODO - 91", "done": false, "date_created": "2021-12-27T05:30:26.007Z", "date_completed": null}}, {"model": "todos.todo", "pk": 92, "fields": {"user": 6, "name": "TODO - 92", "done": true, "date_created": "2021-12-26T05:30:26.008Z", "date_completed": null}}, {"model": "todos.todo", "pk": 93, "fields": {"user": 6, "name": "TODO - 93", "done": false, "date_created": "2022-01-03T05:30:26.009Z", "date_completed": null}}, {"model": "todos.todo", "pk": 94, "fields": {"user": 6, "name": "TODO - 94", "done": false, "date_created": "2021-12-25T05:30:26.009Z", "date_completed": null}}, {"model": "todos.todo", "pk": 95, "fields": {"user": 6, "name": "TODO - 95", "done": false, "date_created": "2021-12-28T05:30:26.010Z", "date_completed": null}}, {"model": "todos.todo", "pk": 96, "fields": {"user": 6, "name": "TODO - 96", "done": false, "date_created": "2021-12-31T05:30:26.010Z", "date_completed": null}}, {"model": "todos.todo", "pk": 97, "fields": {"user": 6, "name": "TODO - 97", "done": false, "date_created": "2022-01-02T05:30:26.011Z", "date_completed": null}}, {"model": "todos.todo", "pk": 98, "fields": {"user": 6, "name": "TODO - 98", "done": false, "date_created": "2021-12-27T05:30:26.012Z", "date_completed": null}}, {"model": "todos.todo", "pk": 99, "fields": {"user": 6, "name": "TODO - 99", "done": false, "date_created": "2021-12-28T05:30:26.012Z", "date_completed": null}}, {"model": "todos.todo", "pk": 100, "fields": {"user": 6, "name": "TODO - 100", "done": false, "date_created": "2021-12-27T05:30:26.013Z", "date_completed": null}}, {"model": "todos.todo", "pk": 101, "fields": {"user": 6, "name": "TODO - 101", "done": false, "date_created": "2022-01-02T05:30:26.014Z", "date_completed": null}}, {"model": "todos.todo", "pk": 102, "fields": {"user": 7, "name": "TODO - 102", "done": true, "date_created": "2022-01-01T05:30:26.014Z", "date_completed": null}}, {"model": "todos.todo", "pk": 103, "fields": {"user": 7, "name": "TODO - 103", "done": false, "date_created": "2022-01-02T05:30:26.015Z", "date_completed": null}}, {"model": "todos.todo", "pk": 104, "fields": {"user": 7, "name": "TODO - 104", "done": false, "date_created": "2021-12-31T05:30:26.015Z", "date_completed": null}}, {"model": "todos.todo", "pk": 105, "fields": {"user": 7, "name": "TODO - 105", "done": false, "date_created": "2021-12-31T05:30:26.016Z", "date_completed": null}}, {"model": "todos.todo", "pk": 106, "fields": {"user": 7, "name": "TODO - 106", "done": false, "date_created": "2021-12-31T05:30:26.017Z", "date_completed": null}}, {"model": "todos.todo", "pk": 107, "fields": {"user": 7, "name": "TODO - 107", "done": true, "date_created": "2021-12-29T05:30:26.017Z", "date_completed": null}}, {"model": "todos.todo", "pk": 108, "fields": {"user": 7, "name": "TODO - 108", "done": true, "date_created": "2021-12-29T05:30:26.018Z", "date_completed": null}}, {"model": "todos.todo", "pk": 109, "fields": {"user": 7, "name": "TODO - 109", "done": true, "date_created": "2021-12-29T05:30:26.018Z", "date_completed": null}}, {"model": "todos.todo", "pk": 110, "fields": {"user": 7, "name": "TODO - 110", "done": false, "date_created": "2021-12-31T05:30:26.019Z", "date_completed": null}}, {"model": "todos.todo", "pk": 111, "fields": {"user": 7, "name": "TODO - 111", "done": true, "date_created": "2021-12-29T05:30:26.020Z", "date_completed": null}}, {"model": "todos.todo", "pk": 112, "fields": {"user": 7, "name": "TODO - 112", "done": false, "date_created": "2021-12-30T05:30:26.020Z", "date_completed": null}}, {"model": "todos.todo", "pk": 113, "fields": {"user": 7, "name": "TODO - 113", "done": false, "date_created": "2021-12-27T05:30:26.021Z", "date_completed": null}}, {"model": "todos.todo", "pk": 114, "fields": {"user": 7, "name": "TODO - 114", "done": true, "date_created": "2022-01-01T05:30:26.021Z", "date_completed": null}}, {"model": "todos.todo", "pk": 115, "fields": {"user": 7, "name": "TODO - 115", "done": false, "date_created": "2021-12-27T05:30:26.022Z", "date_completed": null}}, {"model": "todos.todo", "pk": 116, "fields": {"user": 7, "name": "TODO - 116", "done": true, "date_created": "2021-12-29T05:30:26.022Z", "date_completed": null}}, {"model": "todos.todo", "pk": 117, "fields": {"user": 7, "name": "TODO - 117", "done": false, "date_created": "2021-12-31T05:30:26.023Z", "date_completed": null}}, {"model": "todos.todo", "pk": 118, "fields": {"user": 7, "name": "TODO - 118", "done": true, "date_created": "2022-01-01T05:30:26.024Z", "date_completed": null}}, {"model": "todos.todo", "pk": 119, "fields": {"user": 7, "name": "TODO - 119", "done": false, "date_created": "2022-01-02T05:30:26.024Z", "date_completed": null}}, {"model": "projects.project", "pk": 1, "fields": {"name": "Project A", "max_members": 3, "status": 0}}, {"model": "projects.project", "pk": 2, "fields": {"name": "Project B", "max_members": 2, "status": 2}}, {"model": "projects.project", "pk": 3, "fields": {"name": "Project C", "max_members": 3, "status": 1}}, {"model": "projects.project", "pk": 4, "fields": {"name": "Project D", "max_members": 4, "status": 1}}, {"model": "projects.project", "pk": 5, "fields": {"name": "Project E", "max_members": 1, "status": 1}}, {"model": "projects.project", "pk": 6, "fields": {"name": "Project F", "max_members": 5, "status": 0}}, {"model": "projects.project", "pk": 7, "fields": {"name": "Project G", "max_members": 2, "status": 1}}, {"model": "projects.project", "pk": 8, "fields": {"name": "Project H", "max_members": 1, "status": 0}}, {"model": "projects.project", "pk": 9, "fields": {"name": "Project I", "max_members": 2, "status": 2}}, {"model": "projects.project", "pk": 10, "fields": {"name": "Project J", "max_members": 3, "status": 2}}, {"model": "projects.project", "pk": 11, "fields": {"name": "Project K", "max_members": 4, "status": 0}}, {"model": "projects.projectmember", "pk": 1, "fields": {"project": 1, "member": 2}}, {"model": "projects.projectmember", "pk": 2, "fields": {"project": 1, "member": 3}}, {"model": "projects.projectmember", "pk": 3, "fields": {"project": 2, "member": 4}}, {"model": "projects.projectmember", "pk": 4, "fields": {"project": 2, "member": 1}}, {"model": "projects.projectmember", "pk": 5, "fields": {"project": 3, "member": 7}}, {"model": "projects.projectmember", "pk": 6, "fields": {"project": 3, "member": 6}}, {"model": "projects.projectmember", "pk": 7, "fields": {"project": 3, "member": 3}}, {"model": "projects.projectmember", "pk": 8, "fields": {"project": 4, "member": 3}}, {"model": "projects.projectmember", "pk": 9, "fields": {"project": 5, "member": 7}}, {"model": "projects.projectmember", "pk": 10, "fields": {"project": 6, "member": 2}}, {"model": "projects.projectmember", "pk": 11, "fields": {"project": 6, "member": 7}}, {"model": "projects.projectmember", "pk": 12, "fields": {"project": 6, "member": 4}}, {"model": "projects.projectmember", "pk": 13, "fields": {"project": 6, "member": 6}}, {"model": "projects.projectmember", "pk": 14, "fields": {"project": 7, "member": 1}}, {"model": "projects.projectmember", "pk": 15, "fields": {"project": 7, "member": 4}}, {"model": "projects.projectmember", "pk": 16, "fields": {"project": 8, "member": 3}}, {"model": "projects.projectmember", "pk": 17, "fields": {"project": 9, "member": 6}}, {"model": "projects.projectmember", "pk": 18, "fields": {"project": 9, "member": 7}}, {"model": "projects.projectmember", "pk": 19, "fields": {"project": 10, "member": 4}}, {"model": "projects.projectmember", "pk": 20, "fields": {"project": 10, "member": 3}}, {"model": "projects.projectmember", "pk": 21, "fields": {"project": 10, "member": 2}}, {"model": "projects.projectmember", "pk": 22, "fields": {"project": 11, "member": 3}}, {"model": "projects.projectmember", "pk": 23, "fields": {"project": 11, "member": 7}}, {"model": "projects.projectmember", "pk": 24, "fields": {"project": 11, "member": 4}}, {"model": "projects.projectmember", "pk": 25, "fields": {"project": 11, "member": 1}}, {"model": "admin.logentry", "pk": 1, "fields": {"action_time": "2022-01-03T12:45:54.991Z", "user": 1, "content_type": 10, "object_id": "1", "object_repr": "Project A - Gurpreet", "action_flag": 1, "change_message": "[{\"added\": {}}]"}}, {"model": "admin.logentry", "pk": 2, "fields": {"action_time": "2022-01-03T12:45:59.423Z", "user": 1, "content_type": 10, "object_id": "2", "object_repr": "Project A - Naveen", "action_flag": 1, "change_message": "[{\"added\": {}}]"}}, {"model": "admin.logentry", "pk": 3, "fields": {"action_time": "2022-01-03T12:46:09.031Z", "user": 1, "content_type": 10, "object_id": "3", "object_repr": "Project B - Nikhil", "action_flag": 1, "change_message": "[{\"added\": {}}]"}}, {"model": "admin.logentry", "pk": 4, "fields": {"action_time": "2022-01-03T12:46:14.275Z", "user": 1, "content_type": 10, "object_id": "4", "object_repr": "Project B - Amal", "action_flag": 1, "change_message": "[{\"added\": {}}]"}}, {"model": "admin.logentry", "pk": 5, "fields": {"action_time": "2022-01-03T12:46:33.482Z", "user": 1, "content_type": 10, "object_id": "5", "object_repr": "Project C - Chirag", "action_flag": 1, "change_message": "[{\"added\": {}}]"}}, {"model": "admin.logentry", "pk": 6, "fields": {"action_time": "2022-01-03T12:46:44.189Z", "user": 1, "content_type": 10, "object_id": "6", "object_repr": "Project C - Sunny", "action_flag": 1, "change_message": "[{\"added\": {}}]"}}, {"model": "admin.logentry", "pk": 7, "fields": {"action_time": "2022-01-03T12:47:01.021Z", "user": 1, "content_type": 10, "object_id": "7", "object_repr": "Project C - Naveen", "action_flag": 1, "change_message": "[{\"added\": {}}]"}}, {"model": "admin.logentry", "pk": 8, "fields": {"action_time": "2022-01-03T12:47:07.140Z", "user": 1, "content_type": 10, "object_id": "8", "object_repr": "Project D - Naveen", "action_flag": 1, "change_message": "[{\"added\": {}}]"}}, {"model": "admin.logentry", "pk": 9, "fields": {"action_time": "2022-01-03T12:47:18.564Z", "user": 1, "content_type": 10, "object_id": "9", "object_repr": "Project E - Chirag", "action_flag": 1, "change_message": "[{\"added\": {}}]"}}, {"model": "admin.logentry", "pk": 10, "fields": {"action_time": "2022-01-03T12:47:50.453Z", "user": 1, "content_type": 10, "object_id": "10", "object_repr": "Project F - Gurpreet", "action_flag": 1, "change_message": "[{\"added\": {}}]"}}, {"model": "admin.logentry", "pk": 11, "fields": {"action_time": "2022-01-03T12:47:55.737Z", "user": 1, "content_type": 10, "object_id": "11", "object_repr": "Project F - Chirag", "action_flag": 1, "change_message": "[{\"added\": {}}]"}}, {"model": "admin.logentry", "pk": 12, "fields": {"action_time": "2022-01-03T12:48:30.082Z", "user": 1, "content_type": 10, "object_id": "12", "object_repr": "Project F - Nikhil", "action_flag": 1, "change_message": "[{\"added\": {}}]"}}, {"model": "admin.logentry", "pk": 13, "fields": {"action_time": "2022-01-04T04:42:23.081Z", "user": 1, "content_type": 10, "object_id": "13", "object_repr": "Project F - Sunny", "action_flag": 1, "change_message": "[{\"added\": {}}]"}}, {"model": "admin.logentry", "pk": 14, "fields": {"action_time": "2022-01-04T04:42:32.151Z", "user": 1, "content_type": 10, "object_id": "14", "object_repr": "Project G - Amal", "action_flag": 1, "change_message": "[{\"added\": {}}]"}}, {"model": "admin.logentry", "pk": 15, "fields": {"action_time": "2022-01-04T04:42:47.963Z", "user": 1, "content_type": 10, "object_id": "15", "object_repr": "Project G - Nikhil", "action_flag": 1, "change_message": "[{\"added\": {}}]"}}, {"model": "admin.logentry", "pk": 16, "fields": {"action_time": "2022-01-04T04:43:04.017Z", "user": 1, "content_type": 10, "object_id": "16", "object_repr": "Project H - Naveen", "action_flag": 1, "change_message": "[{\"added\": {}}]"}}, {"model": "admin.logentry", "pk": 17, "fields": {"action_time": "2022-01-04T04:43:16.019Z", "user": 1, "content_type": 10, "object_id": "17", "object_repr": "Project I - Sunny", "action_flag": 1, "change_message": "[{\"added\": {}}]"}}, {"model": "admin.logentry", "pk": 18, "fields": {"action_time": "2022-01-04T04:43:21.411Z", "user": 1, "content_type": 10, "object_id": "18", "object_repr": "Project I - Chirag", "action_flag": 1, "change_message": "[{\"added\": {}}]"}}, {"model": "admin.logentry", "pk": 19, "fields": {"action_time": "2022-01-04T04:43:37.053Z", "user": 1, "content_type": 10, "object_id": "19", "object_repr": "Project J - Nikhil", "action_flag": 1, "change_message": "[{\"added\": {}}]"}}, {"model": "admin.logentry", "pk": 20, "fields": {"action_time": "2022-01-04T04:43:45.445Z", "user": 1, "content_type": 10, "object_id": "20", "object_repr": "Project J - Naveen", "action_flag": 1, "change_message": "[{\"added\": {}}]"}}, {"model": "admin.logentry", "pk": 21, "fields": {"action_time": "2022-01-04T04:43:49.842Z", "user": 1, "content_type": 10, "object_id": "21", "object_repr": "Project J - Gurpreet", "action_flag": 1, "change_message": "[{\"added\": {}}]"}}, {"model": "admin.logentry", "pk": 22, "fields": {"action_time": "2022-01-04T04:43:56.955Z", "user": 1, "content_type": 10, "object_id": "22", "object_repr": "Project K - Naveen", "action_flag": 1, "change_message": "[{\"added\": {}}]"}}, {"model": "admin.logentry", "pk": 23, "fields": {"action_time": "2022-01-04T04:44:01.876Z", "user": 1, "content_type": 10, "object_id": "23", "object_repr": "Project K - Chirag", "action_flag": 1, "change_message": "[{\"added\": {}}]"}}, {"model": "admin.logentry", "pk": 24, "fields": {"action_time": "2022-01-04T04:44:06.895Z", "user": 1, "content_type": 10, "object_id": "24", "object_repr": "Project K - Nikhil", "action_flag": 1, "change_message": "[{\"added\": {}}]"}}, {"model": "admin.logentry", "pk": 25, "fields": {"action_time": "2022-01-04T04:44:11.344Z", "user": 1, "content_type": 10, "object_id": "25", "object_repr": "Project K - Amal", "action_flag": 1, "change_message": "[{\"added\": {}}]"}}]